index.GreaterEqualEvaluator,GTEEvaluator
main.lisp.evaluator.Evaluator,GTEEvaluator
index.GreaterEvaluator,GTEvaluator
main.lisp.evaluator.Evaluator,GTEvaluator
index.LesserEqualEvaluator,LTEEvaluator
main.lisp.evaluator.Evaluator,LTEEvaluator
index.LesserEvaluator,LTEvaluator
main.lisp.evaluator.Evaluator,LTEvaluator
index.AndEvaluator,AndEvaluator
main.lisp.evaluator.Evaluator,AndEvaluator
index.FuncallEvaluator,BasicFuncallEvaluator
main.lisp.evaluator.Evaluator,BasicFuncallEvaluator
index.CondEvaluator,CondEvaluator
main.lisp.evaluator.Evaluator,CondEvaluator
index.OperationRegistererImpl,CustomOperationRegisterer
main.lisp.evaluator.OperationRegisterer,CustomOperationRegisterer
index.EvalEvaluator,EvalEvaluator
main.lisp.evaluator.Evaluator,EvalEvaluator
index.FuncallEvaluator,FunctionEvaluator
main.lisp.evaluator.Evaluator,FunctionEvaluator
index.IdentifierAtomImpl,IdentifierAtomWithLookup
main.lisp.parser.terms.SExpression,IdentifierAtomWithLookup
main.lisp.parser.terms.Atom,IdentifierAtomWithLookup
index.LambdaEvaluator,LambdaEvaluator
main.lisp.evaluator.Evaluator,LambdaEvaluator
index.LetEvaluator,LetEvaluator
main.lisp.evaluator.Evaluator,LetEvaluator
index.ListEvaluator,ListEvaluator
main.lisp.evaluator.Evaluator,ListEvaluator
index.LoadEvaluator,LoadEvaluator
main.lisp.evaluator.Evaluator,LoadEvaluator
index.index,Main
index.EnvironmentImpl,NestedLexicalEnvironment
main.lisp.evaluator.Environment,NestedLexicalEnvironment
index.NotEvaluator,NotEvaluator
main.lisp.evaluator.Evaluator,NotEvaluator
index.OrEvaluator,OrEvaluator
main.lisp.evaluator.Evaluator,OrEvaluator
index.QuoteEvaluator,QuoteEvaluator
main.lisp.evaluator.Evaluator,QuoteEvaluator
index.SetqEvaluator,SetqEvaluator
main.lisp.evaluator.Evaluator,SetqEvaluator
index.BasicExpressionImpl,StringFormattingSExpression
main.lisp.parser.terms.SExpression,StringFormattingSExpression
